device_id,installation_id,problem_type,severity,start,end,duration_hours,description
9f5c487f-1687-4f51-b40b-bb8a941dbfdf,a645f52d-f674-4e11-831c-84583029135c,condensation_risk,warning,2024-06-21 13:35:00,2024-06-30 19:50:00,222.25,Cavity humidity sustained at 78.6% (peak 85.2%) for >48h
9f5c487f-1687-4f51-b40b-bb8a941dbfdf,a645f52d-f674-4e11-831c-84583029135c,condensation_risk,warning,2024-07-09 20:00:00,2024-07-13 09:05:00,85.08333333333333,Cavity humidity sustained at 82.2% (peak 85.6%) for >48h
9f5c487f-1687-4f51-b40b-bb8a941dbfdf,a645f52d-f674-4e11-831c-84583029135c,condensation_risk,warning,2024-08-15 07:50:00,2024-08-19 03:55:00,92.08333333333333,Cavity humidity sustained at 78.1% (peak 81.4%) for >48h
9f5c487f-1687-4f51-b40b-bb8a941dbfdf,a645f52d-f674-4e11-831c-84583029135c,drying_failure,warning,2023-11-16 14:15:00,2026-01-22 14:45:00,19152.5,Chronic moisture: resistance STAGNANT at 11.2% (slope: -0.2 pct/quarter over 27 months)
3c64a8a6-3f82-4541-a33f-9075d488b805,a645f52d-f674-4e11-831c-84583029135c,condensation_risk,warning,2023-11-16 14:15:00,2025-02-22 11:05:00,11132.833333333334,Cavity humidity sustained at 81.0% (peak 87.7%) for >48h
3c64a8a6-3f82-4541-a33f-9075d488b805,a645f52d-f674-4e11-831c-84583029135c,condensation_risk,warning,2025-09-27 10:10:00,2025-10-04 09:55:00,167.75,Cavity humidity sustained at 76.9% (peak 81.4%) for >48h
3c64a8a6-3f82-4541-a33f-9075d488b805,a645f52d-f674-4e11-831c-84583029135c,condensation_risk,warning,2025-10-12 08:45:00,2025-10-18 09:35:00,144.83333333333334,Cavity humidity sustained at 75.5% (peak 81.4%) for >48h
3c64a8a6-3f82-4541-a33f-9075d488b805,a645f52d-f674-4e11-831c-84583029135c,condensation_risk,warning,2025-11-15 10:50:00,2025-11-17 11:35:00,48.75,Cavity humidity sustained at 75.9% (peak 80.6%) for >48h
3c64a8a6-3f82-4541-a33f-9075d488b805,a645f52d-f674-4e11-831c-84583029135c,condensation_risk,warning,2025-12-06 10:15:00,2025-12-24 15:45:00,437.5,Cavity humidity sustained at 76.5% (peak 82.6%) for >48h
3c64a8a6-3f82-4541-a33f-9075d488b805,a645f52d-f674-4e11-831c-84583029135c,condensation_risk,warning,2026-01-08 10:30:00,2026-01-17 11:15:00,216.75,Cavity humidity sustained at 76.0% (peak 81.4%) for >48h
bf37dac6-e5bf-4331-84b1-d5b4651606a3,a645f52d-f674-4e11-831c-84583029135c,condensation_risk,warning,2023-11-16 14:15:00,2024-01-07 15:35:00,1249.3333333333333,Cavity humidity sustained at 82.2% (peak 91.1%) for >48h
bf37dac6-e5bf-4331-84b1-d5b4651606a3,a645f52d-f674-4e11-831c-84583029135c,condensation_risk,warning,2024-03-31 08:30:00,2024-04-16 01:50:00,377.3333333333333,Cavity humidity sustained at 80.6% (peak 88.4%) for >48h
bf37dac6-e5bf-4331-84b1-d5b4651606a3,a645f52d-f674-4e11-831c-84583029135c,condensation_risk,warning,2024-04-30 20:15:00,2024-09-10 08:55:00,3180.6666666666665,Cavity humidity sustained at 82.0% (peak 90.0%) for >48h
bf37dac6-e5bf-4331-84b1-d5b4651606a3,a645f52d-f674-4e11-831c-84583029135c,condensation_risk,warning,2025-06-01 17:05:00,2025-06-07 14:05:00,141.0,Cavity humidity sustained at 77.3% (peak 82.1%) for >48h
bf37dac6-e5bf-4331-84b1-d5b4651606a3,a645f52d-f674-4e11-831c-84583029135c,condensation_risk,warning,2025-07-21 10:35:00,2025-07-26 16:20:00,125.75,Cavity humidity sustained at 75.7% (peak 82.3%) for >48h
c663401c-190d-4217-90a2-1ffd192fe65f,a645f52d-f674-4e11-831c-84583029135c,condensation_risk,warning,2023-11-16 14:15:00,2024-01-06 09:15:00,1219.0,Cavity humidity sustained at 83.3% (peak 88.5%) for >48h
c663401c-190d-4217-90a2-1ffd192fe65f,a645f52d-f674-4e11-831c-84583029135c,condensation_risk,warning,2024-03-02 10:20:00,2024-03-12 11:05:00,240.75,Cavity humidity sustained at 79.8% (peak 80.7%) for >48h
c663401c-190d-4217-90a2-1ffd192fe65f,a645f52d-f674-4e11-831c-84583029135c,condensation_risk,warning,2024-03-31 08:15:00,2024-04-20 06:05:00,477.8333333333333,Cavity humidity sustained at 80.9% (peak 86.1%) for >48h
c663401c-190d-4217-90a2-1ffd192fe65f,a645f52d-f674-4e11-831c-84583029135c,condensation_risk,warning,2024-04-27 19:25:00,2024-10-13 09:35:00,4046.1666666666665,Cavity humidity sustained at 82.0% (peak 88.3%) for >48h
c663401c-190d-4217-90a2-1ffd192fe65f,a645f52d-f674-4e11-831c-84583029135c,condensation_risk,warning,2024-10-20 12:30:00,2024-11-03 11:25:00,334.9166666666667,Cavity humidity sustained at 80.0% (peak 81.2%) for >48h
c663401c-190d-4217-90a2-1ffd192fe65f,a645f52d-f674-4e11-831c-84583029135c,condensation_risk,warning,2025-07-21 10:10:00,2025-07-28 10:45:00,168.58333333333334,Cavity humidity sustained at 78.3% (peak 84.9%) for >48h
03c28e06-3bc5-4308-925b-eaa363ab200f,a645f52d-f674-4e11-831c-84583029135c,condensation_risk,critical,2023-11-16 14:15:00,2026-01-22 14:45:00,19152.5,Cavity humidity sustained at 97.4% (peak 100.0%) for >48h - critical
03c28e06-3bc5-4308-925b-eaa363ab200f,a645f52d-f674-4e11-831c-84583029135c,drying_failure,warning,2023-11-16 14:15:00,2026-01-22 14:45:00,19152.5,Chronic moisture: resistance STAGNANT at 28.9% (slope: +0.1 pct/quarter over 27 months)
03c28e06-3bc5-4308-925b-eaa363ab200f,a645f52d-f674-4e11-831c-84583029135c,sensor_malfunction,warning,2025-08-26 19:45:00,2025-08-28 07:55:00,36.166666666666664,FLATLINE: Ambient humidity stuck at 100.00 for 36h
03c28e06-3bc5-4308-925b-eaa363ab200f,a645f52d-f674-4e11-831c-84583029135c,sensor_malfunction,warning,2024-07-29 08:40:00,2024-08-02 06:30:00,93.83333333333333,FLATLINE: Cavity humidity stuck at 100.00 for 94h
03c28e06-3bc5-4308-925b-eaa363ab200f,a645f52d-f674-4e11-831c-84583029135c,sensor_malfunction,warning,2024-08-05 02:15:00,2024-08-12 04:30:00,170.25,FLATLINE: Cavity humidity stuck at 100.00 for 170h
03c28e06-3bc5-4308-925b-eaa363ab200f,a645f52d-f674-4e11-831c-84583029135c,sensor_malfunction,warning,2024-08-19 21:15:00,2024-09-04 14:35:00,377.3333333333333,FLATLINE: Cavity humidity stuck at 100.00 for 377h
03c28e06-3bc5-4308-925b-eaa363ab200f,a645f52d-f674-4e11-831c-84583029135c,sensor_malfunction,warning,2024-09-06 22:35:00,2024-09-09 07:35:00,57.0,FLATLINE: Cavity humidity stuck at 100.00 for 57h
03c28e06-3bc5-4308-925b-eaa363ab200f,a645f52d-f674-4e11-831c-84583029135c,sensor_malfunction,warning,2024-09-13 09:15:00,2024-09-17 10:30:00,97.25,FLATLINE: Cavity humidity stuck at 100.00 for 97h
f1e832c1-e4a4-4d3c-88a6-7caab1f127f4,a645f52d-f674-4e11-831c-84583029135c,condensation_risk,warning,2024-06-22 08:20:00,2024-09-11 17:05:00,1952.75,Cavity humidity sustained at 80.9% (peak 86.0%) for >48h
822561ac-bf53-4e67-af1e-b0ae0d28de02,cb6c80c4-09d6-469b-83b3-14ac40bfaa5e,condensation_risk,critical,2024-01-11 05:10:00,2024-02-18 12:15:00,919.0833333333334,Cavity humidity sustained at 97.5% (peak 99.1%) for >48h - critical
822561ac-bf53-4e67-af1e-b0ae0d28de02,cb6c80c4-09d6-469b-83b3-14ac40bfaa5e,condensation_risk,danger,2025-01-02 11:40:00,2025-03-12 13:10:00,1657.5,Cavity humidity sustained at 91.4% (peak 92.6%) for >48h - danger
822561ac-bf53-4e67-af1e-b0ae0d28de02,cb6c80c4-09d6-469b-83b3-14ac40bfaa5e,condensation_risk,danger,2026-01-14 23:15:00,2026-01-18 15:30:00,88.25,Cavity humidity sustained at 90.0% (peak 90.5%) for >48h - danger
822561ac-bf53-4e67-af1e-b0ae0d28de02,cb6c80c4-09d6-469b-83b3-14ac40bfaa5e,drying_failure,warning,2023-03-21 13:45:00,2026-01-22 14:50:00,24913.083333333332,Chronic moisture: resistance STAGNANT at 17.5% (slope: +0.3 pct/quarter over 35 months)
822561ac-bf53-4e67-af1e-b0ae0d28de02,cb6c80c4-09d6-469b-83b3-14ac40bfaa5e,drying_failure,danger,2023-03-21 13:45:00,2026-01-22 14:50:00,24913.083333333332,Cavity humidity RISING: +0.7%/quarter (current avg: 87.4%)
19c32b7f-bbc8-41d7-88bb-40bd40f14616,cb6c80c4-09d6-469b-83b3-14ac40bfaa5e,drying_failure,warning,2023-03-21 13:45:00,2026-01-22 14:50:00,24913.083333333332,Chronic moisture: resistance STAGNANT at 10.4% (slope: -0.1 pct/quarter over 35 months)
2b0ac90a-afdc-4d3c-a14b-27ae2284cb24,214c2ea4-52a5-4f52-86dd-2fc48588a5bd,condensation_risk,warning,2023-10-23 05:30:00,2024-09-11 15:30:00,7786.0,Cavity humidity sustained at 82.2% (peak 91.4%) for >48h
2b0ac90a-afdc-4d3c-a14b-27ae2284cb24,214c2ea4-52a5-4f52-86dd-2fc48588a5bd,condensation_risk,warning,2024-09-27 08:25:00,2024-10-14 09:05:00,408.6666666666667,Cavity humidity sustained at 74.6% (peak 85.4%) for >48h
2b0ac90a-afdc-4d3c-a14b-27ae2284cb24,214c2ea4-52a5-4f52-86dd-2fc48588a5bd,condensation_risk,warning,2024-10-24 03:50:00,2025-02-17 05:40:00,2785.8333333333335,Cavity humidity sustained at 79.6% (peak 87.0%) for >48h
2b0ac90a-afdc-4d3c-a14b-27ae2284cb24,214c2ea4-52a5-4f52-86dd-2fc48588a5bd,condensation_risk,warning,2025-02-27 09:00:00,2025-03-05 12:20:00,147.33333333333334,Cavity humidity sustained at 81.5% (peak 85.0%) for >48h
2b0ac90a-afdc-4d3c-a14b-27ae2284cb24,214c2ea4-52a5-4f52-86dd-2fc48588a5bd,condensation_risk,warning,2025-04-18 09:10:00,2025-05-05 05:50:00,404.6666666666667,Cavity humidity sustained at 75.6% (peak 84.5%) for >48h
2b0ac90a-afdc-4d3c-a14b-27ae2284cb24,214c2ea4-52a5-4f52-86dd-2fc48588a5bd,condensation_risk,warning,2025-05-23 00:20:00,2025-08-17 15:20:00,2079.0,Cavity humidity sustained at 78.3% (peak 87.0%) for >48h
2b0ac90a-afdc-4d3c-a14b-27ae2284cb24,214c2ea4-52a5-4f52-86dd-2fc48588a5bd,condensation_risk,warning,2025-08-30 01:20:00,2025-09-22 02:50:00,553.5,Cavity humidity sustained at 76.2% (peak 84.3%) for >48h
2b0ac90a-afdc-4d3c-a14b-27ae2284cb24,214c2ea4-52a5-4f52-86dd-2fc48588a5bd,condensation_risk,warning,2025-10-05 18:40:00,2026-01-02 07:50:00,2125.1666666666665,Cavity humidity sustained at 77.0% (peak 84.1%) for >48h
2b0ac90a-afdc-4d3c-a14b-27ae2284cb24,214c2ea4-52a5-4f52-86dd-2fc48588a5bd,drying_failure,warning,2023-10-23 05:30:00,2026-01-22 14:40:00,19737.166666666668,Chronic moisture: resistance STAGNANT at 7.5% (slope: +0.0 pct/quarter over 27 months)
2b0ac90a-afdc-4d3c-a14b-27ae2284cb24,214c2ea4-52a5-4f52-86dd-2fc48588a5bd,sensor_malfunction,warning,2024-06-19 14:50:00,2026-01-22 14:40:00,13967.833333333334,FLATLINE: Moisture resistance stuck at 7.48 for 13968h
1e158fee-9f1a-4a20-8aa7-b9aac7a0b9d3,214c2ea4-52a5-4f52-86dd-2fc48588a5bd,sensor_malfunction,warning,2024-06-21 01:30:00,2026-01-13 10:15:00,13712.75,FLATLINE: Moisture resistance stuck at 7.48 for 13713h
9f08ed6d-7c54-4daa-b5fa-c47be39e3a1e,214c2ea4-52a5-4f52-86dd-2fc48588a5bd,moisture_intrusion,warning,2024-06-25 15:15:00,2024-06-26 19:00:00,27.75,"Moisture resistance dropped 0.0 pct in 24h, cavity humidity rose 2.7 pct"
9f08ed6d-7c54-4daa-b5fa-c47be39e3a1e,214c2ea4-52a5-4f52-86dd-2fc48588a5bd,moisture_intrusion,warning,2024-09-05 15:00:00,2024-09-07 02:25:00,35.416666666666664,"Moisture resistance dropped 1.8 pct in 24h, cavity humidity rose -0.4 pct"
9f08ed6d-7c54-4daa-b5fa-c47be39e3a1e,214c2ea4-52a5-4f52-86dd-2fc48588a5bd,condensation_risk,warning,2024-06-18 15:15:00,2024-09-28 21:40:00,2454.4166666666665,Cavity humidity sustained at 83.8% (peak 91.3%) for >48h
9f08ed6d-7c54-4daa-b5fa-c47be39e3a1e,214c2ea4-52a5-4f52-86dd-2fc48588a5bd,condensation_risk,warning,2024-10-08 10:20:00,2024-10-31 22:40:00,564.3333333333334,Cavity humidity sustained at 79.8% (peak 82.9%) for >48h
9f08ed6d-7c54-4daa-b5fa-c47be39e3a1e,214c2ea4-52a5-4f52-86dd-2fc48588a5bd,condensation_risk,warning,2025-03-07 15:45:00,2025-03-12 18:45:00,123.0,Cavity humidity sustained at 80.0% (peak 83.2%) for >48h
9f08ed6d-7c54-4daa-b5fa-c47be39e3a1e,214c2ea4-52a5-4f52-86dd-2fc48588a5bd,condensation_risk,warning,2025-03-21 14:50:00,2025-07-03 19:40:00,2500.8333333333335,Cavity humidity sustained at 80.3% (peak 88.0%) for >48h
9f08ed6d-7c54-4daa-b5fa-c47be39e3a1e,214c2ea4-52a5-4f52-86dd-2fc48588a5bd,condensation_risk,warning,2025-07-14 08:15:00,2025-08-16 21:35:00,805.3333333333334,Cavity humidity sustained at 79.7% (peak 85.1%) for >48h
9f08ed6d-7c54-4daa-b5fa-c47be39e3a1e,214c2ea4-52a5-4f52-86dd-2fc48588a5bd,condensation_risk,warning,2025-08-28 15:25:00,2025-09-11 20:55:00,341.5,Cavity humidity sustained at 78.4% (peak 80.9%) for >48h
9f08ed6d-7c54-4daa-b5fa-c47be39e3a1e,214c2ea4-52a5-4f52-86dd-2fc48588a5bd,condensation_risk,warning,2025-09-19 14:20:00,2025-09-22 07:50:00,65.5,Cavity humidity sustained at 81.2% (peak 83.1%) for >48h
3af77ea2-298b-46da-9f5f-2774a68fb7f2,214c2ea4-52a5-4f52-86dd-2fc48588a5bd,condensation_risk,critical,2024-08-06 09:55:00,2024-08-10 11:25:00,97.5,Cavity humidity sustained at 94.6% (peak 95.5%) for >48h - critical
3af77ea2-298b-46da-9f5f-2774a68fb7f2,214c2ea4-52a5-4f52-86dd-2fc48588a5bd,condensation_risk,critical,2024-08-22 10:25:00,2024-08-30 15:00:00,196.58333333333334,Cavity humidity sustained at 94.9% (peak 96.9%) for >48h - critical
3af77ea2-298b-46da-9f5f-2774a68fb7f2,214c2ea4-52a5-4f52-86dd-2fc48588a5bd,condensation_risk,critical,2024-09-11 03:50:00,2024-09-13 13:30:00,57.666666666666664,Cavity humidity sustained at 94.4% (peak 96.7%) for >48h - critical
3af77ea2-298b-46da-9f5f-2774a68fb7f2,214c2ea4-52a5-4f52-86dd-2fc48588a5bd,condensation_risk,critical,2024-09-22 13:20:00,2024-10-11 22:15:00,464.9166666666667,Cavity humidity sustained at 93.5% (peak 100.0%) for >48h - critical
3af77ea2-298b-46da-9f5f-2774a68fb7f2,214c2ea4-52a5-4f52-86dd-2fc48588a5bd,condensation_risk,critical,2024-10-23 20:10:00,2024-10-28 02:20:00,102.16666666666667,Cavity humidity sustained at 92.0% (peak 96.5%) for >48h - critical
3af77ea2-298b-46da-9f5f-2774a68fb7f2,214c2ea4-52a5-4f52-86dd-2fc48588a5bd,condensation_risk,critical,2025-04-25 11:25:00,2025-04-27 11:30:00,48.083333333333336,Cavity humidity sustained at 92.1% (peak 95.1%) for >48h - critical
3af77ea2-298b-46da-9f5f-2774a68fb7f2,214c2ea4-52a5-4f52-86dd-2fc48588a5bd,condensation_risk,critical,2025-05-16 11:20:00,2025-05-20 00:05:00,84.75,Cavity humidity sustained at 90.7% (peak 97.0%) for >48h - critical
3af77ea2-298b-46da-9f5f-2774a68fb7f2,214c2ea4-52a5-4f52-86dd-2fc48588a5bd,condensation_risk,critical,2025-05-27 08:00:00,2025-06-08 17:30:00,297.5,Cavity humidity sustained at 94.5% (peak 96.3%) for >48h - critical
3af77ea2-298b-46da-9f5f-2774a68fb7f2,214c2ea4-52a5-4f52-86dd-2fc48588a5bd,condensation_risk,critical,2025-07-11 15:35:00,2025-10-06 16:35:00,2089.0,Cavity humidity sustained at 94.7% (peak 100.0%) for >48h - critical
3af77ea2-298b-46da-9f5f-2774a68fb7f2,214c2ea4-52a5-4f52-86dd-2fc48588a5bd,condensation_risk,danger,2024-12-08 20:30:00,2024-12-25 01:20:00,388.8333333333333,Cavity humidity sustained at 89.3% (peak 93.4%) for >48h - danger
3af77ea2-298b-46da-9f5f-2774a68fb7f2,214c2ea4-52a5-4f52-86dd-2fc48588a5bd,condensation_risk,danger,2025-01-01 18:30:00,2025-03-13 14:30:00,1700.0,Cavity humidity sustained at 89.1% (peak 94.0%) for >48h - danger
3af77ea2-298b-46da-9f5f-2774a68fb7f2,214c2ea4-52a5-4f52-86dd-2fc48588a5bd,condensation_risk,danger,2025-03-25 13:15:00,2025-04-04 18:05:00,244.83333333333334,Cavity humidity sustained at 90.0% (peak 97.6%) for >48h - danger
3af77ea2-298b-46da-9f5f-2774a68fb7f2,214c2ea4-52a5-4f52-86dd-2fc48588a5bd,condensation_risk,danger,2025-12-05 23:40:00,2026-01-06 05:55:00,750.25,Cavity humidity sustained at 87.2% (peak 93.2%) for >48h - danger
3af77ea2-298b-46da-9f5f-2774a68fb7f2,214c2ea4-52a5-4f52-86dd-2fc48588a5bd,condensation_risk,danger,2026-01-15 10:05:00,2026-01-18 16:30:00,78.41666666666667,Cavity humidity sustained at 86.9% (peak 90.8%) for >48h - danger
3af77ea2-298b-46da-9f5f-2774a68fb7f2,214c2ea4-52a5-4f52-86dd-2fc48588a5bd,drying_failure,warning,2023-10-22 11:05:00,2026-01-22 14:40:00,19755.583333333332,Chronic moisture: resistance STAGNANT at 18.3% (slope: -0.1 pct/quarter over 27 months)
9c3786df-e539-493b-b3eb-034e5dc95d01,214c2ea4-52a5-4f52-86dd-2fc48588a5bd,condensation_risk,critical,2023-11-16 14:20:00,2024-12-04 17:00:00,9218.666666666666,Cavity humidity sustained at 96.5% (peak 97.7%) for >48h - critical
9c3786df-e539-493b-b3eb-034e5dc95d01,214c2ea4-52a5-4f52-86dd-2fc48588a5bd,condensation_risk,critical,2025-06-07 16:00:00,2025-06-21 13:30:00,333.5,Cavity humidity sustained at 95.0% (peak 95.6%) for >48h - critical
9c3786df-e539-493b-b3eb-034e5dc95d01,214c2ea4-52a5-4f52-86dd-2fc48588a5bd,condensation_risk,critical,2025-07-16 12:50:00,2025-10-25 14:40:00,2425.8333333333335,Cavity humidity sustained at 95.0% (peak 96.2%) for >48h - critical
9c3786df-e539-493b-b3eb-034e5dc95d01,214c2ea4-52a5-4f52-86dd-2fc48588a5bd,drying_failure,warning,2023-10-22 11:05:00,2026-01-22 14:45:00,19755.666666666668,Chronic moisture: resistance STAGNANT at 19.5% (slope: +0.0 pct/quarter over 27 months)
8c744e1a-1aa5-49c7-83c1-db5623993c8a,214c2ea4-52a5-4f52-86dd-2fc48588a5bd,condensation_risk,warning,2023-11-16 14:20:00,2024-11-25 14:40:00,9000.333333333334,Cavity humidity sustained at 85.3% (peak 90.1%) for >48h
8c744e1a-1aa5-49c7-83c1-db5623993c8a,214c2ea4-52a5-4f52-86dd-2fc48588a5bd,condensation_risk,warning,2024-12-13 15:40:00,2024-12-16 13:05:00,69.41666666666667,Cavity humidity sustained at 78.7% (peak 80.1%) for >48h
8c744e1a-1aa5-49c7-83c1-db5623993c8a,214c2ea4-52a5-4f52-86dd-2fc48588a5bd,condensation_risk,warning,2025-04-18 14:25:00,2025-04-22 05:50:00,87.41666666666667,Cavity humidity sustained at 79.4% (peak 80.5%) for >48h
8c744e1a-1aa5-49c7-83c1-db5623993c8a,214c2ea4-52a5-4f52-86dd-2fc48588a5bd,condensation_risk,warning,2025-05-02 12:35:00,2025-05-04 20:55:00,56.333333333333336,Cavity humidity sustained at 80.2% (peak 81.0%) for >48h
8c744e1a-1aa5-49c7-83c1-db5623993c8a,214c2ea4-52a5-4f52-86dd-2fc48588a5bd,condensation_risk,warning,2025-05-21 10:15:00,2025-11-17 20:30:00,4330.25,Cavity humidity sustained at 82.1% (peak 86.1%) for >48h
8c744e1a-1aa5-49c7-83c1-db5623993c8a,214c2ea4-52a5-4f52-86dd-2fc48588a5bd,drying_failure,warning,2023-10-22 11:05:00,2026-01-22 14:40:00,19755.583333333332,Chronic moisture: resistance STAGNANT at 17.4% (slope: -0.0 pct/quarter over 27 months)
2793c797-357b-48f1-82aa-71dd5fd14c6b,214c2ea4-52a5-4f52-86dd-2fc48588a5bd,condensation_risk,danger,2024-07-08 18:20:00,2024-07-18 06:25:00,228.08333333333334,Cavity humidity sustained at 88.5% (peak 90.6%) for >48h - danger
2793c797-357b-48f1-82aa-71dd5fd14c6b,214c2ea4-52a5-4f52-86dd-2fc48588a5bd,condensation_risk,danger,2024-07-27 03:15:00,2024-09-02 08:25:00,893.1666666666666,Cavity humidity sustained at 86.8% (peak 91.2%) for >48h - danger
2793c797-357b-48f1-82aa-71dd5fd14c6b,214c2ea4-52a5-4f52-86dd-2fc48588a5bd,condensation_risk,danger,2024-09-10 08:00:00,2024-09-12 12:50:00,52.833333333333336,Cavity humidity sustained at 90.1% (peak 91.4%) for >48h - danger
2793c797-357b-48f1-82aa-71dd5fd14c6b,214c2ea4-52a5-4f52-86dd-2fc48588a5bd,condensation_risk,warning,2024-11-17 11:15:00,2024-11-19 23:35:00,60.333333333333336,Cavity humidity sustained at 73.3% (peak 80.7%) for >48h
2793c797-357b-48f1-82aa-71dd5fd14c6b,214c2ea4-52a5-4f52-86dd-2fc48588a5bd,condensation_risk,warning,2025-04-13 12:05:00,2025-09-28 16:35:00,4036.5,Cavity humidity sustained at 79.7% (peak 87.3%) for >48h
2793c797-357b-48f1-82aa-71dd5fd14c6b,214c2ea4-52a5-4f52-86dd-2fc48588a5bd,drying_failure,warning,2023-10-22 11:05:00,2026-01-22 14:40:00,19755.583333333332,Chronic moisture: resistance STAGNANT at 13.2% (slope: -0.1 pct/quarter over 27 months)
f409093f-82f5-421d-857c-63e5f9a2c0b4,214c2ea4-52a5-4f52-86dd-2fc48588a5bd,condensation_risk,critical,2024-06-25 04:10:00,2024-08-01 03:40:00,887.5,Cavity humidity sustained at 94.9% (peak 96.5%) for >48h - critical
f409093f-82f5-421d-857c-63e5f9a2c0b4,214c2ea4-52a5-4f52-86dd-2fc48588a5bd,condensation_risk,danger,2024-09-01 21:30:00,2024-09-24 06:45:00,537.25,Cavity humidity sustained at 89.5% (peak 91.2%) for >48h - danger
f409093f-82f5-421d-857c-63e5f9a2c0b4,214c2ea4-52a5-4f52-86dd-2fc48588a5bd,condensation_risk,danger,2025-09-22 16:50:00,2025-09-26 09:35:00,88.75,Cavity humidity sustained at 88.8% (peak 90.3%) for >48h - danger
f409093f-82f5-421d-857c-63e5f9a2c0b4,214c2ea4-52a5-4f52-86dd-2fc48588a5bd,condensation_risk,warning,2025-11-06 02:10:00,2025-11-08 07:50:00,53.666666666666664,Cavity humidity sustained at 77.8% (peak 81.8%) for >48h
f409093f-82f5-421d-857c-63e5f9a2c0b4,214c2ea4-52a5-4f52-86dd-2fc48588a5bd,condensation_risk,warning,2026-01-17 00:05:00,2026-01-22 14:45:00,134.66666666666666,Cavity humidity sustained at 80.9% (peak 82.0%) for >48h
f409093f-82f5-421d-857c-63e5f9a2c0b4,214c2ea4-52a5-4f52-86dd-2fc48588a5bd,drying_failure,warning,2023-10-22 11:05:00,2026-01-22 14:45:00,19755.666666666668,Chronic moisture: resistance STAGNANT at 18.0% (slope: -0.3 pct/quarter over 27 months)
39fb3b6d-66b3-461e-96d1-b2c826639933,214c2ea4-52a5-4f52-86dd-2fc48588a5bd,moisture_intrusion,critical,2024-07-02 20:20:00,2024-07-08 15:45:00,139.41666666666666,"Moisture resistance dropped 4.2 pct in 24h, cavity humidity rose 0.9 pct"
39fb3b6d-66b3-461e-96d1-b2c826639933,214c2ea4-52a5-4f52-86dd-2fc48588a5bd,condensation_risk,critical,2024-06-18 15:20:00,2024-11-21 22:00:00,3750.6666666666665,Cavity humidity sustained at 96.9% (peak 100.0%) for >48h - critical
39fb3b6d-66b3-461e-96d1-b2c826639933,214c2ea4-52a5-4f52-86dd-2fc48588a5bd,condensation_risk,critical,2025-05-30 09:50:00,2025-06-01 10:15:00,48.416666666666664,Cavity humidity sustained at 97.5% (peak 100.0%) for >48h - critical
39fb3b6d-66b3-461e-96d1-b2c826639933,214c2ea4-52a5-4f52-86dd-2fc48588a5bd,condensation_risk,critical,2025-06-19 08:55:00,2025-07-10 14:20:00,509.4166666666667,Cavity humidity sustained at 95.5% (peak 100.0%) for >48h - critical
39fb3b6d-66b3-461e-96d1-b2c826639933,214c2ea4-52a5-4f52-86dd-2fc48588a5bd,condensation_risk,critical,2025-07-18 14:05:00,2025-08-17 15:40:00,721.5833333333334,Cavity humidity sustained at 94.7% (peak 96.4%) for >48h - critical
39fb3b6d-66b3-461e-96d1-b2c826639933,214c2ea4-52a5-4f52-86dd-2fc48588a5bd,condensation_risk,danger,2025-01-21 06:30:00,2025-02-04 05:35:00,335.0833333333333,Cavity humidity sustained at 88.5% (peak 90.7%) for >48h - danger
39fb3b6d-66b3-461e-96d1-b2c826639933,214c2ea4-52a5-4f52-86dd-2fc48588a5bd,condensation_risk,danger,2025-02-13 18:35:00,2025-02-17 07:30:00,84.91666666666667,Cavity humidity sustained at 88.0% (peak 91.4%) for >48h - danger
39fb3b6d-66b3-461e-96d1-b2c826639933,214c2ea4-52a5-4f52-86dd-2fc48588a5bd,condensation_risk,danger,2025-03-11 17:15:00,2025-03-17 23:45:00,150.5,Cavity humidity sustained at 88.8% (peak 91.7%) for >48h - danger
39fb3b6d-66b3-461e-96d1-b2c826639933,214c2ea4-52a5-4f52-86dd-2fc48588a5bd,condensation_risk,danger,2025-03-25 21:35:00,2025-04-06 10:35:00,277.0,Cavity humidity sustained at 89.2% (peak 91.4%) for >48h - danger
39fb3b6d-66b3-461e-96d1-b2c826639933,214c2ea4-52a5-4f52-86dd-2fc48588a5bd,condensation_risk,danger,2025-12-09 20:00:00,2025-12-24 23:45:00,363.75,Cavity humidity sustained at 89.4% (peak 91.8%) for >48h - danger
39fb3b6d-66b3-461e-96d1-b2c826639933,214c2ea4-52a5-4f52-86dd-2fc48588a5bd,drying_failure,danger,2023-10-22 11:05:00,2026-01-22 14:40:00,19755.583333333332,"Chronic moisture: resistance WORSENING at -1.5 pct/quarter (current avg: 7.9%, overall: 10.2%)"
8c50d792-5bd3-4db0-a282-c34211b9a61e,214c2ea4-52a5-4f52-86dd-2fc48588a5bd,condensation_risk,critical,2024-06-18 15:30:00,2024-07-01 12:05:00,308.5833333333333,Cavity humidity sustained at 92.4% (peak 95.8%) for >48h - critical
8c50d792-5bd3-4db0-a282-c34211b9a61e,214c2ea4-52a5-4f52-86dd-2fc48588a5bd,condensation_risk,critical,2024-07-10 10:00:00,2024-07-15 17:00:00,127.0,Cavity humidity sustained at 96.2% (peak 97.4%) for >48h - critical
8c50d792-5bd3-4db0-a282-c34211b9a61e,214c2ea4-52a5-4f52-86dd-2fc48588a5bd,condensation_risk,critical,2024-08-16 17:45:00,2024-08-18 18:10:00,48.416666666666664,Cavity humidity sustained at 94.9% (peak 95.3%) for >48h - critical
8c50d792-5bd3-4db0-a282-c34211b9a61e,214c2ea4-52a5-4f52-86dd-2fc48588a5bd,condensation_risk,danger,2024-10-06 09:10:00,2024-11-10 15:00:00,845.8333333333334,Cavity humidity sustained at 89.8% (peak 94.0%) for >48h - danger
8c50d792-5bd3-4db0-a282-c34211b9a61e,214c2ea4-52a5-4f52-86dd-2fc48588a5bd,condensation_risk,danger,2025-05-31 11:50:00,2025-06-08 16:05:00,196.25,Cavity humidity sustained at 92.2% (peak 96.2%) for >48h - danger
8c50d792-5bd3-4db0-a282-c34211b9a61e,214c2ea4-52a5-4f52-86dd-2fc48588a5bd,condensation_risk,danger,2025-06-15 16:20:00,2025-06-19 05:25:00,85.08333333333333,Cavity humidity sustained at 90.5% (peak 92.9%) for >48h - danger
8c50d792-5bd3-4db0-a282-c34211b9a61e,214c2ea4-52a5-4f52-86dd-2fc48588a5bd,condensation_risk,danger,2025-07-21 11:15:00,2025-07-27 00:50:00,133.58333333333334,Cavity humidity sustained at 88.9% (peak 100.0%) for >48h - danger
8c50d792-5bd3-4db0-a282-c34211b9a61e,214c2ea4-52a5-4f52-86dd-2fc48588a5bd,drying_failure,warning,2023-10-22 11:05:00,2026-01-22 14:40:00,19755.583333333332,Chronic moisture: resistance STAGNANT at 16.9% (slope: -0.1 pct/quarter over 27 months)
46285335-08ce-4fc3-befe-bf82e005a593,214c2ea4-52a5-4f52-86dd-2fc48588a5bd,condensation_risk,critical,2024-07-10 14:20:00,2024-07-14 10:40:00,92.33333333333333,Cavity humidity sustained at 92.7% (peak 95.6%) for >48h - critical
46285335-08ce-4fc3-befe-bf82e005a593,214c2ea4-52a5-4f52-86dd-2fc48588a5bd,condensation_risk,critical,2024-08-10 10:15:00,2024-08-23 09:45:00,311.5,Cavity humidity sustained at 92.1% (peak 95.2%) for >48h - critical
46285335-08ce-4fc3-befe-bf82e005a593,214c2ea4-52a5-4f52-86dd-2fc48588a5bd,condensation_risk,critical,2024-10-05 04:50:00,2024-10-16 05:05:00,264.25,Cavity humidity sustained at 92.3% (peak 95.9%) for >48h - critical
46285335-08ce-4fc3-befe-bf82e005a593,214c2ea4-52a5-4f52-86dd-2fc48588a5bd,condensation_risk,danger,2025-01-26 17:35:00,2025-02-16 07:50:00,494.25,Cavity humidity sustained at 83.8% (peak 92.6%) for >48h - danger
46285335-08ce-4fc3-befe-bf82e005a593,214c2ea4-52a5-4f52-86dd-2fc48588a5bd,condensation_risk,danger,2025-03-09 04:00:00,2025-03-13 07:00:00,99.0,Cavity humidity sustained at 86.6% (peak 91.5%) for >48h - danger
46285335-08ce-4fc3-befe-bf82e005a593,214c2ea4-52a5-4f52-86dd-2fc48588a5bd,condensation_risk,danger,2025-04-03 04:35:00,2025-04-09 14:00:00,153.41666666666666,Cavity humidity sustained at 86.5% (peak 91.6%) for >48h - danger
46285335-08ce-4fc3-befe-bf82e005a593,214c2ea4-52a5-4f52-86dd-2fc48588a5bd,condensation_risk,danger,2025-04-17 02:20:00,2025-12-21 21:15:00,5970.916666666667,Cavity humidity sustained at 89.1% (peak 94.9%) for >48h - danger
46285335-08ce-4fc3-befe-bf82e005a593,214c2ea4-52a5-4f52-86dd-2fc48588a5bd,drying_failure,warning,2023-10-22 11:05:00,2026-01-22 14:40:00,19755.583333333332,Chronic moisture: resistance STAGNANT at 15.3% (slope: -0.2 pct/quarter over 27 months)
4385b2e1-803a-43b2-a6cf-6534aaaa1c96,214c2ea4-52a5-4f52-86dd-2fc48588a5bd,condensation_risk,danger,2023-11-16 14:20:00,2026-01-22 14:40:00,19152.333333333332,Cavity humidity sustained at 93.6% (peak 95.0%) for >48h - danger
4385b2e1-803a-43b2-a6cf-6534aaaa1c96,214c2ea4-52a5-4f52-86dd-2fc48588a5bd,drying_failure,warning,2023-10-22 11:05:00,2026-01-22 14:40:00,19755.583333333332,Chronic moisture: resistance STAGNANT at 20.8% (slope: +0.2 pct/quarter over 27 months)
4385b2e1-803a-43b2-a6cf-6534aaaa1c96,214c2ea4-52a5-4f52-86dd-2fc48588a5bd,drying_failure,danger,2023-10-22 11:05:00,2026-01-22 14:40:00,19755.583333333332,Cavity humidity RISING: +0.5%/quarter (current avg: 92.6%)
a985685a-9d1e-46ac-a15e-a5e1038851b6,214c2ea4-52a5-4f52-86dd-2fc48588a5bd,condensation_risk,critical,2024-06-18 15:30:00,2024-11-03 18:00:00,3314.5,Cavity humidity sustained at 95.7% (peak 97.0%) for >48h - critical
a985685a-9d1e-46ac-a15e-a5e1038851b6,214c2ea4-52a5-4f52-86dd-2fc48588a5bd,condensation_risk,danger,2025-03-21 18:00:00,2026-01-05 10:35:00,6952.583333333333,Cavity humidity sustained at 91.9% (peak 94.2%) for >48h - danger
a985685a-9d1e-46ac-a15e-a5e1038851b6,214c2ea4-52a5-4f52-86dd-2fc48588a5bd,condensation_risk,danger,2026-01-14 09:20:00,2026-01-19 09:05:00,119.75,Cavity humidity sustained at 89.8% (peak 90.3%) for >48h - danger
a985685a-9d1e-46ac-a15e-a5e1038851b6,214c2ea4-52a5-4f52-86dd-2fc48588a5bd,drying_failure,warning,2023-10-22 11:05:00,2026-01-22 14:45:00,19755.666666666668,Chronic moisture: resistance STAGNANT at 20.1% (slope: -0.0 pct/quarter over 27 months)
39bc4914-029c-4f15-8a99-21c35b808882,214c2ea4-52a5-4f52-86dd-2fc48588a5bd,condensation_risk,danger,2024-06-18 15:30:00,2024-09-27 05:05:00,2413.5833333333335,Cavity humidity sustained at 91.1% (peak 92.3%) for >48h - danger
39bc4914-029c-4f15-8a99-21c35b808882,214c2ea4-52a5-4f52-86dd-2fc48588a5bd,drying_failure,warning,2023-10-22 11:05:00,2026-01-22 14:40:00,19755.583333333332,Chronic moisture: resistance STAGNANT at 17.6% (slope: -0.1 pct/quarter over 27 months)
6a3a240d-c6ff-4739-b9bf-1b43e8f75e58,c48b2f2b-2c37-45d5-9d59-98372abbb775,sensor_malfunction,danger,2023-06-12 20:55:00,2023-06-13 14:55:00,18.0,JUMP CLUSTER: Temperature had 12 jumps (max 46.0) in 18.0h
6a3a240d-c6ff-4739-b9bf-1b43e8f75e58,c48b2f2b-2c37-45d5-9d59-98372abbb775,sensor_malfunction,danger,2023-06-18 16:50:00,2023-06-19 23:30:00,30.666666666666668,JUMP CLUSTER: Temperature had 16 jumps (max 46.5) in 30.7h
6a3a240d-c6ff-4739-b9bf-1b43e8f75e58,c48b2f2b-2c37-45d5-9d59-98372abbb775,sensor_malfunction,danger,2023-07-04 05:45:00,2023-07-04 06:30:00,0.75,JUMP CLUSTER: Temperature had 2 jumps (max 46.1) in 0.8h
6a3a240d-c6ff-4739-b9bf-1b43e8f75e58,c48b2f2b-2c37-45d5-9d59-98372abbb775,sensor_malfunction,critical,2023-06-04 03:00:00,2023-06-04 06:10:00,3.1666666666666665,"OUT OF RANGE: Temperature = [23.1, 66.2] (valid: (-40.0, 60.0))"
6a3a240d-c6ff-4739-b9bf-1b43e8f75e58,c48b2f2b-2c37-45d5-9d59-98372abbb775,sensor_malfunction,critical,2023-06-08 01:45:00,2023-06-08 06:20:00,4.583333333333333,"OUT OF RANGE: Temperature = [22.4, 68.8] (valid: (-40.0, 60.0))"
6a3a240d-c6ff-4739-b9bf-1b43e8f75e58,c48b2f2b-2c37-45d5-9d59-98372abbb775,sensor_malfunction,critical,2023-06-13 13:00:00,2023-06-13 14:25:00,1.4166666666666667,"OUT OF RANGE: Temperature = [23.9, 69.9] (valid: (-40.0, 60.0))"
6a3a240d-c6ff-4739-b9bf-1b43e8f75e58,c48b2f2b-2c37-45d5-9d59-98372abbb775,sensor_malfunction,critical,2023-06-18 14:55:00,2023-06-18 20:05:00,5.166666666666667,"OUT OF RANGE: Temperature = [24.5, 71.0] (valid: (-40.0, 60.0))"
6a3a240d-c6ff-4739-b9bf-1b43e8f75e58,c48b2f2b-2c37-45d5-9d59-98372abbb775,sensor_malfunction,critical,2023-07-06 03:55:00,2023-07-06 07:40:00,3.75,"OUT OF RANGE: Temperature = [24.0, 69.8] (valid: (-40.0, 60.0))"
6a3a240d-c6ff-4739-b9bf-1b43e8f75e58,c48b2f2b-2c37-45d5-9d59-98372abbb775,sensor_malfunction,critical,2023-07-07 04:45:00,2023-07-07 05:55:00,1.1666666666666667,"OUT OF RANGE: Temperature = [23.6, 69.5] (valid: (-40.0, 60.0))"
837cf0e1-cb8c-45da-8f45-8085df05afd1,c48b2f2b-2c37-45d5-9d59-98372abbb775,sensor_malfunction,danger,2023-06-10 12:00:00,2023-06-10 12:10:00,0.16666666666666666,JUMP CLUSTER: Ambient humidity had 2 jumps (max 70.1) in 0.2h
837cf0e1-cb8c-45da-8f45-8085df05afd1,c48b2f2b-2c37-45d5-9d59-98372abbb775,sensor_malfunction,danger,2023-06-19 17:25:00,2023-06-19 18:30:00,1.0833333333333333,JUMP CLUSTER: Ambient humidity had 4 jumps (max 77.9) in 1.1h
dcd7af04-a938-46c2-a4ac-89c65d027498,c48b2f2b-2c37-45d5-9d59-98372abbb775,condensation_risk,critical,2023-12-22 18:50:00,2023-12-30 18:00:00,191.16666666666666,Cavity humidity sustained at 94.2% (peak 97.4%) for >48h - critical
dcd7af04-a938-46c2-a4ac-89c65d027498,c48b2f2b-2c37-45d5-9d59-98372abbb775,condensation_risk,critical,2024-01-07 18:30:00,2024-01-27 14:30:00,476.0,Cavity humidity sustained at 92.3% (peak 98.2%) for >48h - critical
dcd7af04-a938-46c2-a4ac-89c65d027498,c48b2f2b-2c37-45d5-9d59-98372abbb775,condensation_risk,danger,2025-01-02 06:40:00,2025-03-29 14:40:00,2072.0,Cavity humidity sustained at 90.3% (peak 96.1%) for >48h - danger
dcd7af04-a938-46c2-a4ac-89c65d027498,c48b2f2b-2c37-45d5-9d59-98372abbb775,condensation_risk,danger,2025-12-30 10:00:00,2026-01-22 14:35:00,556.5833333333334,Cavity humidity sustained at 90.3% (peak 95.3%) for >48h - danger
dcd7af04-a938-46c2-a4ac-89c65d027498,c48b2f2b-2c37-45d5-9d59-98372abbb775,condensation_risk,warning,2024-06-04 02:55:00,2024-06-09 09:25:00,126.5,Cavity humidity sustained at 79.0% (peak 81.9%) for >48h
dcd7af04-a938-46c2-a4ac-89c65d027498,c48b2f2b-2c37-45d5-9d59-98372abbb775,condensation_risk,warning,2024-07-10 23:55:00,2024-07-17 16:10:00,160.25,Cavity humidity sustained at 80.2% (peak 82.7%) for >48h
dcd7af04-a938-46c2-a4ac-89c65d027498,c48b2f2b-2c37-45d5-9d59-98372abbb775,condensation_risk,warning,2025-06-01 07:05:00,2025-06-19 06:25:00,431.3333333333333,Cavity humidity sustained at 80.9% (peak 84.6%) for >48h
dcd7af04-a938-46c2-a4ac-89c65d027498,c48b2f2b-2c37-45d5-9d59-98372abbb775,drying_failure,warning,2023-05-24 05:25:00,2026-01-22 14:35:00,23385.166666666668,Chronic moisture: resistance STAGNANT at 12.8% (slope: -0.2 pct/quarter over 32 months)
6750679b-b809-4c80-ac9c-d9580f74cd88,c48b2f2b-2c37-45d5-9d59-98372abbb775,condensation_risk,warning,2023-07-11 09:50:00,2023-07-18 21:05:00,179.25,Cavity humidity sustained at 80.8% (peak 83.4%) for >48h
6750679b-b809-4c80-ac9c-d9580f74cd88,c48b2f2b-2c37-45d5-9d59-98372abbb775,condensation_risk,warning,2023-07-30 00:45:00,2023-09-12 21:10:00,1076.4166666666667,Cavity humidity sustained at 79.6% (peak 83.9%) for >48h
6750679b-b809-4c80-ac9c-d9580f74cd88,c48b2f2b-2c37-45d5-9d59-98372abbb775,condensation_risk,warning,2023-10-18 05:15:00,2024-05-01 20:20:00,4719.083333333333,Cavity humidity sustained at 83.8% (peak 88.1%) for >48h
6750679b-b809-4c80-ac9c-d9580f74cd88,c48b2f2b-2c37-45d5-9d59-98372abbb775,condensation_risk,warning,2024-05-12 05:00:00,2024-06-05 05:55:00,576.9166666666666,Cavity humidity sustained at 78.7% (peak 86.5%) for >48h
6750679b-b809-4c80-ac9c-d9580f74cd88,c48b2f2b-2c37-45d5-9d59-98372abbb775,condensation_risk,warning,2025-01-03 16:55:00,2025-04-21 08:50:00,2583.9166666666665,Cavity humidity sustained at 79.8% (peak 84.7%) for >48h
6576bd8d-06fa-43fa-b7b2-b17d835a2df6,c48b2f2b-2c37-45d5-9d59-98372abbb775,sensor_malfunction,warning,2023-06-24 05:10:00,2023-06-27 15:00:00,81.83333333333333,FLATLINE: Ambient humidity stuck at 100.00 for 82h
6576bd8d-06fa-43fa-b7b2-b17d835a2df6,c48b2f2b-2c37-45d5-9d59-98372abbb775,sensor_malfunction,warning,2023-07-01 07:00:00,2023-07-05 02:20:00,91.33333333333333,FLATLINE: Ambient humidity stuck at 100.00 for 91h
6576bd8d-06fa-43fa-b7b2-b17d835a2df6,c48b2f2b-2c37-45d5-9d59-98372abbb775,sensor_malfunction,warning,2024-01-17 18:00:00,2024-01-20 06:30:00,60.5,FLATLINE: Ambient humidity stuck at 100.00 for 60h
6576bd8d-06fa-43fa-b7b2-b17d835a2df6,c48b2f2b-2c37-45d5-9d59-98372abbb775,sensor_malfunction,warning,2024-01-22 17:10:00,2024-01-27 13:40:00,116.5,FLATLINE: Ambient humidity stuck at 100.00 for 116h
6576bd8d-06fa-43fa-b7b2-b17d835a2df6,c48b2f2b-2c37-45d5-9d59-98372abbb775,sensor_malfunction,warning,2024-01-29 16:20:00,2024-02-04 13:15:00,140.91666666666666,FLATLINE: Ambient humidity stuck at 100.00 for 141h
6576bd8d-06fa-43fa-b7b2-b17d835a2df6,c48b2f2b-2c37-45d5-9d59-98372abbb775,sensor_malfunction,warning,2024-02-06 14:00:00,2024-02-10 13:00:00,95.0,FLATLINE: Ambient humidity stuck at 100.00 for 95h
6576bd8d-06fa-43fa-b7b2-b17d835a2df6,c48b2f2b-2c37-45d5-9d59-98372abbb775,sensor_malfunction,warning,2024-02-15 14:40:00,2024-02-17 07:00:00,40.333333333333336,FLATLINE: Ambient humidity stuck at 100.00 for 40h
c71c4096-d6d4-4e89-a3e0-8a69596df68e,c48b2f2b-2c37-45d5-9d59-98372abbb775,sensor_malfunction,warning,2023-07-21 17:55:00,2023-09-12 22:15:00,1276.3333333333333,FLATLINE: Ambient humidity stuck at 100.00 for 1276h
c71c4096-d6d4-4e89-a3e0-8a69596df68e,c48b2f2b-2c37-45d5-9d59-98372abbb775,sensor_malfunction,warning,2023-06-05 21:15:00,2023-07-02 14:05:00,640.8333333333334,FLATLINE: Ambient humidity stuck at 100.00 for 641h
c71c4096-d6d4-4e89-a3e0-8a69596df68e,c48b2f2b-2c37-45d5-9d59-98372abbb775,sensor_malfunction,warning,2023-05-24 17:20:00,2023-06-03 21:05:00,243.75,FLATLINE: Ambient humidity stuck at 100.00 for 244h
c71c4096-d6d4-4e89-a3e0-8a69596df68e,c48b2f2b-2c37-45d5-9d59-98372abbb775,sensor_malfunction,warning,2023-07-06 09:45:00,2023-07-15 08:15:00,214.5,FLATLINE: Ambient humidity stuck at 100.00 for 214h
c71c4096-d6d4-4e89-a3e0-8a69596df68e,c48b2f2b-2c37-45d5-9d59-98372abbb775,sensor_malfunction,warning,2024-07-01 21:20:00,2024-07-08 14:40:00,161.33333333333334,FLATLINE: Ambient humidity stuck at 100.00 for 161h
c71c4096-d6d4-4e89-a3e0-8a69596df68e,c48b2f2b-2c37-45d5-9d59-98372abbb775,sensor_malfunction,warning,2023-05-24 17:20:00,2024-08-31 07:15:00,11149.916666666666,CHRONIC SENSOR ISSUES: 16 episodes detected (3392h total malfunction time) - sensor may need replacement
b5bbcac3-ab5b-4117-83d2-a23666ac4792,c48b2f2b-2c37-45d5-9d59-98372abbb775,condensation_risk,danger,2023-07-18 05:50:00,2023-08-10 16:05:00,562.25,Cavity humidity sustained at 88.7% (peak 92.5%) for >48h - danger
b5bbcac3-ab5b-4117-83d2-a23666ac4792,c48b2f2b-2c37-45d5-9d59-98372abbb775,condensation_risk,danger,2023-08-26 11:20:00,2023-09-04 13:05:00,217.75,Cavity humidity sustained at 88.5% (peak 92.9%) for >48h - danger
b5bbcac3-ab5b-4117-83d2-a23666ac4792,c48b2f2b-2c37-45d5-9d59-98372abbb775,condensation_risk,warning,2024-06-01 15:05:00,2024-09-04 17:10:00,2282.0833333333335,Cavity humidity sustained at 81.1% (peak 85.3%) for >48h
b5bbcac3-ab5b-4117-83d2-a23666ac4792,c48b2f2b-2c37-45d5-9d59-98372abbb775,sensor_malfunction,warning,2025-11-15 22:30:00,2026-01-22 14:35:00,1624.0833333333333,FLATLINE: Moisture resistance stuck at 7.48 for 1624h
71a9523e-c0b8-4893-b3fa-27d651c5b12e,c48b2f2b-2c37-45d5-9d59-98372abbb775,condensation_risk,critical,2023-11-18 10:55:00,2024-02-25 17:45:00,2382.8333333333335,Cavity humidity sustained at 94.4% (peak 100.0%) for >48h - critical
71a9523e-c0b8-4893-b3fa-27d651c5b12e,c48b2f2b-2c37-45d5-9d59-98372abbb775,condensation_risk,critical,2024-03-09 09:50:00,2024-03-24 08:40:00,358.8333333333333,Cavity humidity sustained at 88.4% (peak 99.1%) for >48h - critical
71a9523e-c0b8-4893-b3fa-27d651c5b12e,c48b2f2b-2c37-45d5-9d59-98372abbb775,condensation_risk,critical,2024-12-30 09:00:00,2025-03-12 15:55:00,1734.9166666666667,Cavity humidity sustained at 94.6% (peak 100.0%) for >48h - critical
71a9523e-c0b8-4893-b3fa-27d651c5b12e,c48b2f2b-2c37-45d5-9d59-98372abbb775,condensation_risk,critical,2025-03-22 07:50:00,2025-03-26 08:55:00,97.08333333333333,Cavity humidity sustained at 89.9% (peak 96.3%) for >48h - critical
71a9523e-c0b8-4893-b3fa-27d651c5b12e,c48b2f2b-2c37-45d5-9d59-98372abbb775,condensation_risk,critical,2025-11-26 06:55:00,2025-11-28 09:20:00,50.416666666666664,Cavity humidity sustained at 93.7% (peak 96.5%) for >48h - critical
71a9523e-c0b8-4893-b3fa-27d651c5b12e,c48b2f2b-2c37-45d5-9d59-98372abbb775,condensation_risk,critical,2025-12-20 10:20:00,2026-01-21 08:35:00,766.25,Cavity humidity sustained at 92.8% (peak 99.5%) for >48h - critical
71a9523e-c0b8-4893-b3fa-27d651c5b12e,c48b2f2b-2c37-45d5-9d59-98372abbb775,condensation_risk,danger,2024-04-02 08:25:00,2024-04-18 06:25:00,382.0,Cavity humidity sustained at 82.3% (peak 95.2%) for >48h - danger
71a9523e-c0b8-4893-b3fa-27d651c5b12e,c48b2f2b-2c37-45d5-9d59-98372abbb775,condensation_risk,danger,2024-08-30 03:30:00,2024-09-01 05:20:00,49.833333333333336,Cavity humidity sustained at 87.7% (peak 91.2%) for >48h - danger
71a9523e-c0b8-4893-b3fa-27d651c5b12e,c48b2f2b-2c37-45d5-9d59-98372abbb775,condensation_risk,danger,2024-10-16 06:40:00,2024-10-18 10:00:00,51.333333333333336,Cavity humidity sustained at 85.3% (peak 93.5%) for >48h - danger
71a9523e-c0b8-4893-b3fa-27d651c5b12e,c48b2f2b-2c37-45d5-9d59-98372abbb775,condensation_risk,danger,2024-11-02 06:20:00,2024-11-28 19:50:00,637.5,Cavity humidity sustained at 85.9% (peak 96.2%) for >48h - danger
71a9523e-c0b8-4893-b3fa-27d651c5b12e,c48b2f2b-2c37-45d5-9d59-98372abbb775,condensation_risk,danger,2025-04-15 17:35:00,2025-05-03 18:05:00,432.5,Cavity humidity sustained at 79.7% (peak 94.7%) for >48h - danger
71a9523e-c0b8-4893-b3fa-27d651c5b12e,c48b2f2b-2c37-45d5-9d59-98372abbb775,condensation_risk,danger,2025-06-05 11:05:00,2025-06-11 03:50:00,136.75,Cavity humidity sustained at 85.6% (peak 92.0%) for >48h - danger
71a9523e-c0b8-4893-b3fa-27d651c5b12e,c48b2f2b-2c37-45d5-9d59-98372abbb775,condensation_risk,warning,2023-07-11 09:50:00,2023-09-28 02:20:00,1888.5,Cavity humidity sustained at 78.3% (peak 88.5%) for >48h
71a9523e-c0b8-4893-b3fa-27d651c5b12e,c48b2f2b-2c37-45d5-9d59-98372abbb775,condensation_risk,warning,2025-08-29 08:45:00,2025-09-02 12:00:00,99.25,Cavity humidity sustained at 76.8% (peak 82.0%) for >48h
71a9523e-c0b8-4893-b3fa-27d651c5b12e,c48b2f2b-2c37-45d5-9d59-98372abbb775,condensation_risk,warning,2025-09-11 12:30:00,2025-09-22 07:00:00,258.5,Cavity humidity sustained at 75.2% (peak 81.3%) for >48h
71a9523e-c0b8-4893-b3fa-27d651c5b12e,c48b2f2b-2c37-45d5-9d59-98372abbb775,drying_failure,danger,2023-05-24 05:25:00,2026-01-22 14:35:00,23385.166666666668,Cavity humidity RISING: +3.0%/quarter (current avg: 93.0%)
71a9523e-c0b8-4893-b3fa-27d651c5b12e,c48b2f2b-2c37-45d5-9d59-98372abbb775,sensor_malfunction,warning,2023-05-26 07:05:00,2023-07-11 10:50:00,1107.75,FLATLINE: Moisture resistance stuck at 5.13 for 1108h
f2cc3412-7478-46be-9911-2f18bedbb3a0,8f9e2445-25dd-466f-959d-64d83a4eb5eb,sensor_malfunction,warning,2023-12-19 22:35:00,2024-01-09 20:20:00,501.75,FLATLINE: Ambient humidity stuck at 100.00 for 502h
f2cc3412-7478-46be-9911-2f18bedbb3a0,8f9e2445-25dd-466f-959d-64d83a4eb5eb,sensor_malfunction,warning,2024-06-19 18:25:00,2024-07-04 05:50:00,347.4166666666667,FLATLINE: Ambient humidity stuck at 100.00 for 347h
f2cc3412-7478-46be-9911-2f18bedbb3a0,8f9e2445-25dd-466f-959d-64d83a4eb5eb,sensor_malfunction,warning,2024-03-28 12:30:00,2024-04-10 14:30:00,314.0,FLATLINE: Ambient humidity stuck at 100.00 for 314h
f2cc3412-7478-46be-9911-2f18bedbb3a0,8f9e2445-25dd-466f-959d-64d83a4eb5eb,sensor_malfunction,warning,2024-04-30 22:05:00,2024-05-09 11:05:00,205.0,FLATLINE: Ambient humidity stuck at 100.00 for 205h
f2cc3412-7478-46be-9911-2f18bedbb3a0,8f9e2445-25dd-466f-959d-64d83a4eb5eb,sensor_malfunction,warning,2024-05-21 19:50:00,2024-05-29 09:20:00,181.5,FLATLINE: Ambient humidity stuck at 100.00 for 182h
f2cc3412-7478-46be-9911-2f18bedbb3a0,8f9e2445-25dd-466f-959d-64d83a4eb5eb,sensor_malfunction,warning,2023-12-19 22:35:00,2024-09-11 11:40:00,6397.083333333333,CHRONIC SENSOR ISSUES: 17 episodes detected (2419h total malfunction time) - sensor may need replacement
f659296a-4c16-480e-8773-aeb55290b12f,8f9e2445-25dd-466f-959d-64d83a4eb5eb,condensation_risk,warning,2024-06-28 13:40:00,2024-07-01 17:50:00,76.16666666666667,Cavity humidity sustained at 79.9% (peak 80.8%) for >48h
f659296a-4c16-480e-8773-aeb55290b12f,8f9e2445-25dd-466f-959d-64d83a4eb5eb,condensation_risk,warning,2024-07-11 10:30:00,2024-07-19 18:10:00,199.66666666666666,Cavity humidity sustained at 79.8% (peak 82.5%) for >48h
77ee0f06-36c6-4119-906b-93cc499808b1,8f9e2445-25dd-466f-959d-64d83a4eb5eb,sensor_malfunction,warning,2023-12-19 22:35:00,2024-01-08 08:25:00,465.8333333333333,FLATLINE: Ambient humidity stuck at 100.00 for 466h
77ee0f06-36c6-4119-906b-93cc499808b1,8f9e2445-25dd-466f-959d-64d83a4eb5eb,sensor_malfunction,warning,2024-09-15 07:10:00,2024-09-18 06:55:00,71.75,FLATLINE: Ambient humidity stuck at 100.00 for 72h
77ee0f06-36c6-4119-906b-93cc499808b1,8f9e2445-25dd-466f-959d-64d83a4eb5eb,sensor_malfunction,warning,2024-10-16 19:05:00,2024-10-18 15:55:00,44.833333333333336,FLATLINE: Ambient humidity stuck at 100.00 for 45h
77ee0f06-36c6-4119-906b-93cc499808b1,8f9e2445-25dd-466f-959d-64d83a4eb5eb,sensor_malfunction,warning,2025-12-26 20:40:00,2026-01-17 04:45:00,512.0833333333334,FLATLINE: Ambient humidity stuck at 100.00 for 512h
1bf223dc-4a62-4449-8724-f4ba3ace324d,8f9e2445-25dd-466f-959d-64d83a4eb5eb,sensor_malfunction,warning,2023-12-21 09:30:00,2023-12-28 09:55:00,168.41666666666666,FLATLINE: Ambient humidity stuck at 100.00 for 168h
1bf223dc-4a62-4449-8724-f4ba3ace324d,8f9e2445-25dd-466f-959d-64d83a4eb5eb,sensor_malfunction,warning,2024-01-01 05:55:00,2024-01-08 16:20:00,178.41666666666666,FLATLINE: Ambient humidity stuck at 100.00 for 178h
1bf223dc-4a62-4449-8724-f4ba3ace324d,8f9e2445-25dd-466f-959d-64d83a4eb5eb,sensor_malfunction,warning,2024-01-12 09:55:00,2024-01-16 02:35:00,88.66666666666667,FLATLINE: Ambient humidity stuck at 100.00 for 89h
1bf223dc-4a62-4449-8724-f4ba3ace324d,8f9e2445-25dd-466f-959d-64d83a4eb5eb,sensor_malfunction,warning,2024-01-18 17:10:00,2024-01-21 00:15:00,55.083333333333336,FLATLINE: Ambient humidity stuck at 100.00 for 55h
1bf223dc-4a62-4449-8724-f4ba3ace324d,8f9e2445-25dd-466f-959d-64d83a4eb5eb,sensor_malfunction,warning,2024-02-08 18:50:00,2024-02-10 10:40:00,39.833333333333336,FLATLINE: Ambient humidity stuck at 100.00 for 40h
1bf223dc-4a62-4449-8724-f4ba3ace324d,8f9e2445-25dd-466f-959d-64d83a4eb5eb,sensor_malfunction,warning,2024-02-24 22:15:00,2024-02-26 12:05:00,37.833333333333336,FLATLINE: Ambient humidity stuck at 100.00 for 38h
1bf223dc-4a62-4449-8724-f4ba3ace324d,8f9e2445-25dd-466f-959d-64d83a4eb5eb,sensor_malfunction,warning,2024-03-13 00:55:00,2024-03-15 20:20:00,67.41666666666667,FLATLINE: Ambient humidity stuck at 100.00 for 67h
5c0121bb-0024-4800-b86d-87fd33b85384,8f9e2445-25dd-466f-959d-64d83a4eb5eb,sensor_malfunction,warning,2024-07-05 06:55:00,2024-07-09 16:25:00,105.5,FLATLINE: Ambient humidity stuck at 100.00 for 106h
5c0121bb-0024-4800-b86d-87fd33b85384,8f9e2445-25dd-466f-959d-64d83a4eb5eb,sensor_malfunction,warning,2024-07-14 00:15:00,2024-07-16 02:20:00,50.083333333333336,FLATLINE: Ambient humidity stuck at 100.00 for 50h
5c0121bb-0024-4800-b86d-87fd33b85384,8f9e2445-25dd-466f-959d-64d83a4eb5eb,sensor_malfunction,warning,2024-07-18 23:40:00,2024-07-24 11:30:00,131.83333333333334,FLATLINE: Ambient humidity stuck at 100.00 for 132h
5c0121bb-0024-4800-b86d-87fd33b85384,8f9e2445-25dd-466f-959d-64d83a4eb5eb,sensor_malfunction,warning,2024-08-10 01:25:00,2024-08-21 21:25:00,284.0,FLATLINE: Ambient humidity stuck at 100.00 for 284h
5c0121bb-0024-4800-b86d-87fd33b85384,8f9e2445-25dd-466f-959d-64d83a4eb5eb,sensor_malfunction,warning,2024-08-24 14:45:00,2024-09-06 04:15:00,301.5,FLATLINE: Ambient humidity stuck at 100.00 for 302h
5c0121bb-0024-4800-b86d-87fd33b85384,8f9e2445-25dd-466f-959d-64d83a4eb5eb,sensor_malfunction,warning,2024-09-08 10:10:00,2024-09-10 04:00:00,41.833333333333336,FLATLINE: Ambient humidity stuck at 100.00 for 42h
5c0121bb-0024-4800-b86d-87fd33b85384,8f9e2445-25dd-466f-959d-64d83a4eb5eb,sensor_malfunction,warning,2024-09-17 12:50:00,2024-09-29 02:50:00,278.0,FLATLINE: Ambient humidity stuck at 100.00 for 278h
5c0121bb-0024-4800-b86d-87fd33b85384,8f9e2445-25dd-466f-959d-64d83a4eb5eb,sensor_malfunction,warning,2024-10-01 10:25:00,2024-10-02 21:10:00,34.75,FLATLINE: Ambient humidity stuck at 100.00 for 35h
5c0121bb-0024-4800-b86d-87fd33b85384,8f9e2445-25dd-466f-959d-64d83a4eb5eb,sensor_malfunction,warning,2024-10-09 17:00:00,2024-10-11 01:00:00,32.0,FLATLINE: Ambient humidity stuck at 100.00 for 32h
7806d8ad-f117-4b00-8699-5de06a775edb,3cdc76bd-310b-4928-bd3a-70135cf8d205,drying_failure,warning,2024-09-13 13:45:00,2026-01-22 14:40:00,11904.916666666666,Chronic moisture: resistance STAGNANT at 12.1% (slope: -0.2 pct/quarter over 17 months)
4878e083-31af-499a-88d2-5f89899546bd,3cdc76bd-310b-4928-bd3a-70135cf8d205,moisture_intrusion,warning,2025-11-06 15:30:00,2025-11-12 15:25:00,143.91666666666666,"Moisture resistance dropped 1.2 pct in 24h, cavity humidity rose 9.2 pct"
4878e083-31af-499a-88d2-5f89899546bd,3cdc76bd-310b-4928-bd3a-70135cf8d205,condensation_risk,critical,2025-08-09 05:20:00,2025-11-01 11:15:00,2021.9166666666667,Cavity humidity sustained at 98.1% (peak 99.7%) for >48h - critical
6eab8335-c350-460c-bfe3-56efbba580ce,3cdc76bd-310b-4928-bd3a-70135cf8d205,drying_failure,warning,2024-08-12 04:55:00,2026-01-22 14:40:00,12681.75,Chronic moisture: resistance STAGNANT at 13.1% (slope: -0.1 pct/quarter over 18 months)
c538927b-1a54-438a-b6e2-835495d5cdbc,3cdc76bd-310b-4928-bd3a-70135cf8d205,condensation_risk,warning,2025-08-02 19:10:00,2026-01-17 19:30:00,4032.3333333333335,Cavity humidity sustained at 81.0% (peak 86.4%) for >48h
c538927b-1a54-438a-b6e2-835495d5cdbc,3cdc76bd-310b-4928-bd3a-70135cf8d205,drying_failure,warning,2024-09-13 13:45:00,2026-01-22 14:40:00,11904.916666666666,Cavity humidity RISING: +4.0%/quarter (current avg: 79.2%)
06e01489-219c-40d9-bdc5-4e82ef4488f9,3cdc76bd-310b-4928-bd3a-70135cf8d205,sensor_malfunction,warning,2024-09-14 00:55:00,2024-09-16 08:40:00,55.75,FLATLINE: Moisture resistance stuck at 7.48 for 56h
9e5488a5-ed75-4be9-8bf4-ff6b027b8e0c,3cdc76bd-310b-4928-bd3a-70135cf8d205,moisture_intrusion,warning,2025-11-06 23:55:00,2025-11-13 04:40:00,148.75,"Moisture resistance dropped 1.5 pct in 24h, cavity humidity rose 12.7 pct"
9e5488a5-ed75-4be9-8bf4-ff6b027b8e0c,3cdc76bd-310b-4928-bd3a-70135cf8d205,condensation_risk,critical,2025-09-02 10:30:00,2025-11-01 10:45:00,1440.25,Cavity humidity sustained at 97.7% (peak 99.0%) for >48h - critical
9e5488a5-ed75-4be9-8bf4-ff6b027b8e0c,3cdc76bd-310b-4928-bd3a-70135cf8d205,drying_failure,warning,2024-09-13 13:45:00,2026-01-22 14:40:00,11904.916666666666,Chronic moisture: resistance STAGNANT at 13.2% (slope: +0.3 pct/quarter over 17 months)
58af67d9-3be2-4b2d-81f0-52c50228c278,d3b7881f-d27b-40cb-9842-0a991f9d1c0c,condensation_risk,danger,2022-05-03 21:00:00,2022-05-15 09:30:00,276.5,Cavity humidity sustained at 90.4% (peak 90.5%) for >48h - danger
76a5df42-72c7-4681-965e-7e650e5155d5,d3b7881f-d27b-40cb-9842-0a991f9d1c0c,condensation_risk,warning,2022-05-03 15:00:00,2022-05-15 09:30:00,282.5,Cavity humidity sustained at 90.6% (peak 90.9%) for >48h
37fb7113-114d-4d4b-aec6-3a8979f94e1e,b238cff1-a573-4ad7-b0dc-14244c3bc628,sensor_malfunction,warning,2025-02-02 01:35:00,2025-05-01 15:50:00,2126.25,FLATLINE: Ambient humidity stuck at 100.00 for 2126h
37fb7113-114d-4d4b-aec6-3a8979f94e1e,b238cff1-a573-4ad7-b0dc-14244c3bc628,sensor_malfunction,warning,2025-05-04 05:25:00,2025-05-11 18:15:00,180.83333333333334,FLATLINE: Ambient humidity stuck at 100.00 for 181h
37fb7113-114d-4d4b-aec6-3a8979f94e1e,b238cff1-a573-4ad7-b0dc-14244c3bc628,sensor_malfunction,warning,2026-01-09 00:45:00,2026-01-22 14:30:00,325.75,FLATLINE: Ambient humidity stuck at 100.00 for 326h
4d39faef-88ff-4a32-b8dd-9cdda2cf2104,b238cff1-a573-4ad7-b0dc-14244c3bc628,sensor_malfunction,danger,2022-03-23 17:55:00,2022-03-23 17:55:00,0.0,JUMP CLUSTER: Ambient humidity had 1 jumps (max 26.5) in 0.0h
d319fb67-8438-4176-8c27-7df0436470f1,b238cff1-a573-4ad7-b0dc-14244c3bc628,condensation_risk,critical,2025-06-22 19:25:00,2025-09-29 02:55:00,2359.5,Cavity humidity sustained at 95.6% (peak 97.4%) for >48h - critical
d319fb67-8438-4176-8c27-7df0436470f1,b238cff1-a573-4ad7-b0dc-14244c3bc628,condensation_risk,danger,2024-05-23 18:35:00,2024-06-08 05:00:00,370.4166666666667,Cavity humidity sustained at 90.0% (peak 90.8%) for >48h - danger
d319fb67-8438-4176-8c27-7df0436470f1,b238cff1-a573-4ad7-b0dc-14244c3bc628,condensation_risk,danger,2024-06-25 15:35:00,2024-10-09 05:10:00,2533.5833333333335,Cavity humidity sustained at 91.5% (peak 93.0%) for >48h - danger
d319fb67-8438-4176-8c27-7df0436470f1,b238cff1-a573-4ad7-b0dc-14244c3bc628,condensation_risk,warning,2022-04-28 17:55:00,2022-05-23 17:10:00,599.25,Cavity humidity sustained at 80.0% (peak 81.8%) for >48h
d319fb67-8438-4176-8c27-7df0436470f1,b238cff1-a573-4ad7-b0dc-14244c3bc628,condensation_risk,warning,2022-10-28 22:55:00,2022-11-02 18:50:00,115.91666666666667,Cavity humidity sustained at 80.0% (peak 80.4%) for >48h
d319fb67-8438-4176-8c27-7df0436470f1,b238cff1-a573-4ad7-b0dc-14244c3bc628,condensation_risk,warning,2023-04-21 15:00:00,2023-11-24 01:40:00,5194.666666666667,Cavity humidity sustained at 84.3% (peak 87.0%) for >48h
d319fb67-8438-4176-8c27-7df0436470f1,b238cff1-a573-4ad7-b0dc-14244c3bc628,drying_failure,warning,2022-02-09 16:45:00,2026-01-22 14:35:00,34629.833333333336,Cavity humidity RISING: +0.8%/quarter (current avg: 80.1%)
d319fb67-8438-4176-8c27-7df0436470f1,b238cff1-a573-4ad7-b0dc-14244c3bc628,sensor_malfunction,warning,2023-03-26 22:05:00,2023-05-28 17:45:00,1507.6666666666667,FLATLINE: Ambient humidity stuck at 100.00 for 1508h
d319fb67-8438-4176-8c27-7df0436470f1,b238cff1-a573-4ad7-b0dc-14244c3bc628,sensor_malfunction,warning,2025-03-07 22:00:00,2025-04-16 20:05:00,958.0833333333334,FLATLINE: Ambient humidity stuck at 100.00 for 958h
d319fb67-8438-4176-8c27-7df0436470f1,b238cff1-a573-4ad7-b0dc-14244c3bc628,sensor_malfunction,warning,2024-04-17 10:35:00,2024-05-15 19:20:00,680.75,FLATLINE: Ambient humidity stuck at 100.00 for 681h
d319fb67-8438-4176-8c27-7df0436470f1,b238cff1-a573-4ad7-b0dc-14244c3bc628,sensor_malfunction,warning,2025-05-05 02:35:00,2025-05-30 19:40:00,617.0833333333334,FLATLINE: Ambient humidity stuck at 100.00 for 617h
d319fb67-8438-4176-8c27-7df0436470f1,b238cff1-a573-4ad7-b0dc-14244c3bc628,sensor_malfunction,warning,2024-03-15 10:55:00,2024-03-31 19:15:00,392.3333333333333,FLATLINE: Ambient humidity stuck at 100.00 for 392h
d319fb67-8438-4176-8c27-7df0436470f1,b238cff1-a573-4ad7-b0dc-14244c3bc628,sensor_malfunction,warning,2022-02-28 18:35:00,2025-12-25 10:40:00,33496.083333333336,CHRONIC SENSOR ISSUES: 21 episodes detected (6334h total malfunction time) - sensor may need replacement
bc7d7378-58c3-42ae-8cc1-8ddbc2687daf,b238cff1-a573-4ad7-b0dc-14244c3bc628,condensation_risk,critical,2022-02-09 16:45:00,2022-05-26 10:00:00,2537.25,Cavity humidity sustained at 96.2% (peak 97.4%) for >48h - critical
bc7d7378-58c3-42ae-8cc1-8ddbc2687daf,b238cff1-a573-4ad7-b0dc-14244c3bc628,condensation_risk,critical,2023-01-04 18:20:00,2023-09-06 08:55:00,5870.583333333333,Cavity humidity sustained at 99.1% (peak 100.0%) for >48h - critical
bc7d7378-58c3-42ae-8cc1-8ddbc2687daf,b238cff1-a573-4ad7-b0dc-14244c3bc628,condensation_risk,critical,2023-12-17 04:30:00,2024-09-15 22:35:00,6570.083333333333,Cavity humidity sustained at 99.0% (peak 100.0%) for >48h - critical
bc7d7378-58c3-42ae-8cc1-8ddbc2687daf,b238cff1-a573-4ad7-b0dc-14244c3bc628,condensation_risk,critical,2024-09-23 08:50:00,2024-10-09 05:10:00,380.3333333333333,Cavity humidity sustained at 97.8% (peak 98.4%) for >48h - critical
bc7d7378-58c3-42ae-8cc1-8ddbc2687daf,b238cff1-a573-4ad7-b0dc-14244c3bc628,condensation_risk,critical,2024-10-23 15:55:00,2026-01-22 14:35:00,10942.666666666666,Cavity humidity sustained at 99.5% (peak 100.0%) for >48h - critical
bc7d7378-58c3-42ae-8cc1-8ddbc2687daf,b238cff1-a573-4ad7-b0dc-14244c3bc628,condensation_risk,danger,2022-11-02 17:05:00,2022-11-07 06:05:00,109.0,Cavity humidity sustained at 90.0% (peak 90.1%) for >48h - danger
bc7d7378-58c3-42ae-8cc1-8ddbc2687daf,b238cff1-a573-4ad7-b0dc-14244c3bc628,drying_failure,danger,2022-02-09 16:45:00,2026-01-22 14:35:00,34629.833333333336,Cavity humidity RISING: +0.5%/quarter (current avg: 100.0%)
bc7d7378-58c3-42ae-8cc1-8ddbc2687daf,b238cff1-a573-4ad7-b0dc-14244c3bc628,sensor_malfunction,warning,2024-11-29 03:55:00,2025-09-08 17:30:00,6805.583333333333,FLATLINE: Ambient humidity stuck at 100.00 for 6806h
bc7d7378-58c3-42ae-8cc1-8ddbc2687daf,b238cff1-a573-4ad7-b0dc-14244c3bc628,sensor_malfunction,warning,2024-12-16 10:55:00,2025-09-17 18:45:00,6607.833333333333,FLATLINE: Cavity humidity stuck at 100.00 for 6608h
bc7d7378-58c3-42ae-8cc1-8ddbc2687daf,b238cff1-a573-4ad7-b0dc-14244c3bc628,sensor_malfunction,warning,2024-01-25 05:35:00,2024-08-02 09:55:00,4564.333333333333,FLATLINE: Ambient humidity stuck at 100.00 for 4564h
bc7d7378-58c3-42ae-8cc1-8ddbc2687daf,b238cff1-a573-4ad7-b0dc-14244c3bc628,sensor_malfunction,warning,2024-02-23 07:45:00,2024-07-30 16:55:00,3801.1666666666665,FLATLINE: Cavity humidity stuck at 100.00 for 3801h
bc7d7378-58c3-42ae-8cc1-8ddbc2687daf,b238cff1-a573-4ad7-b0dc-14244c3bc628,sensor_malfunction,warning,2023-02-03 05:25:00,2023-07-07 04:40:00,3695.25,FLATLINE: Ambient humidity stuck at 100.00 for 3695h
bc7d7378-58c3-42ae-8cc1-8ddbc2687daf,b238cff1-a573-4ad7-b0dc-14244c3bc628,sensor_malfunction,warning,2022-02-10 04:40:00,2026-01-22 14:35:00,34617.916666666664,CHRONIC SENSOR ISSUES: 21 episodes detected (32854h total malfunction time) - sensor may need replacement
f48a85c3-f4f3-4b8e-a15f-57f3cc287622,2d3705ff-e025-4a27-b59d-6469d07bc96f,condensation_risk,warning,2021-07-04 20:40:00,2022-08-09 10:05:00,9613.416666666666,Cavity humidity sustained at 84.7% (peak 89.3%) for >48h
f48a85c3-f4f3-4b8e-a15f-57f3cc287622,2d3705ff-e025-4a27-b59d-6469d07bc96f,condensation_risk,warning,2022-08-16 15:55:00,2023-05-30 23:50:00,6895.916666666667,Cavity humidity sustained at 82.8% (peak 85.5%) for >48h
f48a85c3-f4f3-4b8e-a15f-57f3cc287622,2d3705ff-e025-4a27-b59d-6469d07bc96f,condensation_risk,warning,2023-06-07 11:25:00,2024-11-06 06:10:00,12426.75,Cavity humidity sustained at 83.8% (peak 88.0%) for >48h
f48a85c3-f4f3-4b8e-a15f-57f3cc287622,2d3705ff-e025-4a27-b59d-6469d07bc96f,condensation_risk,warning,2025-01-27 12:40:00,2025-02-01 01:35:00,108.91666666666667,Cavity humidity sustained at 80.3% (peak 80.6%) for >48h
f48a85c3-f4f3-4b8e-a15f-57f3cc287622,2d3705ff-e025-4a27-b59d-6469d07bc96f,condensation_risk,warning,2025-02-08 14:15:00,2025-02-11 00:05:00,57.833333333333336,Cavity humidity sustained at 80.2% (peak 80.5%) for >48h
f48a85c3-f4f3-4b8e-a15f-57f3cc287622,2d3705ff-e025-4a27-b59d-6469d07bc96f,condensation_risk,warning,2025-03-09 21:10:00,2025-04-01 09:15:00,540.0833333333334,Cavity humidity sustained at 80.2% (peak 81.4%) for >48h
f48a85c3-f4f3-4b8e-a15f-57f3cc287622,2d3705ff-e025-4a27-b59d-6469d07bc96f,condensation_risk,warning,2025-04-14 11:15:00,2026-01-22 14:35:00,6795.333333333333,Cavity humidity sustained at 85.2% (peak 90.1%) for >48h
f48a85c3-f4f3-4b8e-a15f-57f3cc287622,2d3705ff-e025-4a27-b59d-6469d07bc96f,drying_failure,warning,2021-07-04 20:40:00,2026-01-22 14:35:00,39905.916666666664,Chronic moisture: resistance STAGNANT at 19.5% (slope: -0.0 pct/quarter over 55 months)
3db3a5bd-bfc6-43db-b753-ec392da164dc,2d3705ff-e025-4a27-b59d-6469d07bc96f,moisture_intrusion,critical,2022-04-29 09:05:00,2022-05-01 10:35:00,49.5,"Moisture resistance dropped 21.5 pct in 24h, cavity humidity rose 0.2 pct"
3db3a5bd-bfc6-43db-b753-ec392da164dc,2d3705ff-e025-4a27-b59d-6469d07bc96f,moisture_intrusion,critical,2022-05-11 18:50:00,2022-05-14 01:15:00,54.416666666666664,"Moisture resistance dropped 22.9 pct in 24h, cavity humidity rose 0.3 pct"
3db3a5bd-bfc6-43db-b753-ec392da164dc,2d3705ff-e025-4a27-b59d-6469d07bc96f,moisture_intrusion,critical,2022-06-28 07:00:00,2022-06-29 14:50:00,31.833333333333332,"Moisture resistance dropped 21.8 pct in 24h, cavity humidity rose 0.9 pct"
3db3a5bd-bfc6-43db-b753-ec392da164dc,2d3705ff-e025-4a27-b59d-6469d07bc96f,condensation_risk,critical,2021-09-25 04:05:00,2022-08-09 19:10:00,7647.083333333333,Cavity humidity sustained at 98.9% (peak 100.0%) for >48h - critical
3db3a5bd-bfc6-43db-b753-ec392da164dc,2d3705ff-e025-4a27-b59d-6469d07bc96f,condensation_risk,critical,2022-08-17 23:30:00,2023-05-27 05:50:00,6774.333333333333,Cavity humidity sustained at 97.3% (peak 99.5%) for >48h - critical
3db3a5bd-bfc6-43db-b753-ec392da164dc,2d3705ff-e025-4a27-b59d-6469d07bc96f,condensation_risk,critical,2023-06-10 15:40:00,2023-06-13 04:55:00,61.25,Cavity humidity sustained at 94.9% (peak 95.2%) for >48h - critical
3db3a5bd-bfc6-43db-b753-ec392da164dc,2d3705ff-e025-4a27-b59d-6469d07bc96f,condensation_risk,critical,2023-07-05 00:15:00,2024-08-05 07:15:00,9535.0,Cavity humidity sustained at 99.1% (peak 100.0%) for >48h - critical
3db3a5bd-bfc6-43db-b753-ec392da164dc,2d3705ff-e025-4a27-b59d-6469d07bc96f,condensation_risk,critical,2024-08-13 01:15:00,2024-08-23 06:20:00,245.08333333333334,Cavity humidity sustained at 95.1% (peak 95.8%) for >48h - critical
3db3a5bd-bfc6-43db-b753-ec392da164dc,2d3705ff-e025-4a27-b59d-6469d07bc96f,condensation_risk,critical,2025-03-08 06:45:00,2026-01-22 14:35:00,7687.833333333333,Cavity humidity sustained at 99.7% (peak 100.0%) for >48h - critical
3db3a5bd-bfc6-43db-b753-ec392da164dc,2d3705ff-e025-4a27-b59d-6469d07bc96f,condensation_risk,danger,2021-07-04 20:40:00,2021-08-29 07:45:00,1331.0833333333333,Cavity humidity sustained at 93.2% (peak 95.2%) for >48h - danger
3db3a5bd-bfc6-43db-b753-ec392da164dc,2d3705ff-e025-4a27-b59d-6469d07bc96f,drying_failure,warning,2021-07-04 20:40:00,2026-01-22 14:35:00,39905.916666666664,Chronic moisture: resistance STAGNANT at 29.4% (slope: +0.1 pct/quarter over 55 months)
3db3a5bd-bfc6-43db-b753-ec392da164dc,2d3705ff-e025-4a27-b59d-6469d07bc96f,sensor_malfunction,danger,2022-04-21 22:25:00,2022-05-05 00:05:00,313.6666666666667,JUMP CLUSTER: Moisture resistance had 1025 jumps (max 31.8) in 313.7h
3db3a5bd-bfc6-43db-b753-ec392da164dc,2d3705ff-e025-4a27-b59d-6469d07bc96f,sensor_malfunction,danger,2022-02-07 21:20:00,2022-02-18 15:40:00,258.3333333333333,JUMP CLUSTER: Moisture resistance had 807 jumps (max 32.7) in 258.3h
3db3a5bd-bfc6-43db-b753-ec392da164dc,2d3705ff-e025-4a27-b59d-6469d07bc96f,sensor_malfunction,danger,2022-06-24 18:35:00,2022-07-02 03:55:00,177.33333333333334,JUMP CLUSTER: Moisture resistance had 754 jumps (max 25.4) in 177.3h
3db3a5bd-bfc6-43db-b753-ec392da164dc,2d3705ff-e025-4a27-b59d-6469d07bc96f,sensor_malfunction,danger,2022-05-11 03:15:00,2022-05-15 08:05:00,100.83333333333333,JUMP CLUSTER: Moisture resistance had 385 jumps (max 26.2) in 100.8h
3db3a5bd-bfc6-43db-b753-ec392da164dc,2d3705ff-e025-4a27-b59d-6469d07bc96f,sensor_malfunction,danger,2022-01-30 04:50:00,2022-02-03 02:30:00,93.66666666666667,JUMP CLUSTER: Moisture resistance had 110 jumps (max 26.9) in 93.7h
3db3a5bd-bfc6-43db-b753-ec392da164dc,2d3705ff-e025-4a27-b59d-6469d07bc96f,sensor_malfunction,danger,2021-11-05 11:30:00,2026-01-22 14:35:00,36939.083333333336,CHRONIC SENSOR ISSUES: 61 episodes detected (22111h total malfunction time) - sensor may need replacement
09cea1df-5da8-4020-8b56-0db3a9e81d64,2d3705ff-e025-4a27-b59d-6469d07bc96f,sensor_malfunction,warning,2021-11-17 16:20:00,2021-12-11 22:25:00,582.0833333333334,FLATLINE: Ambient humidity stuck at 100.00 for 582h
09cea1df-5da8-4020-8b56-0db3a9e81d64,2d3705ff-e025-4a27-b59d-6469d07bc96f,sensor_malfunction,warning,2022-06-06 01:15:00,2022-06-09 23:30:00,94.25,FLATLINE: Ambient humidity stuck at 100.00 for 94h
09cea1df-5da8-4020-8b56-0db3a9e81d64,2d3705ff-e025-4a27-b59d-6469d07bc96f,sensor_malfunction,warning,2024-04-02 00:35:00,2024-04-03 05:00:00,28.416666666666668,FLATLINE: Ambient humidity stuck at 100.00 for 28h
09cea1df-5da8-4020-8b56-0db3a9e81d64,2d3705ff-e025-4a27-b59d-6469d07bc96f,sensor_malfunction,warning,2024-04-06 07:00:00,2024-04-16 12:50:00,245.83333333333334,FLATLINE: Ambient humidity stuck at 100.00 for 246h
09cea1df-5da8-4020-8b56-0db3a9e81d64,2d3705ff-e025-4a27-b59d-6469d07bc96f,sensor_malfunction,warning,2025-04-22 07:15:00,2025-06-20 10:55:00,1419.6666666666667,FLATLINE: Ambient humidity stuck at 100.00 for 1420h
09cea1df-5da8-4020-8b56-0db3a9e81d64,2d3705ff-e025-4a27-b59d-6469d07bc96f,sensor_malfunction,warning,2025-06-24 01:40:00,2025-06-27 11:25:00,81.75,FLATLINE: Ambient humidity stuck at 100.00 for 82h
09cea1df-5da8-4020-8b56-0db3a9e81d64,2d3705ff-e025-4a27-b59d-6469d07bc96f,sensor_malfunction,warning,2025-07-14 04:05:00,2025-08-28 21:55:00,1097.8333333333333,FLATLINE: Ambient humidity stuck at 100.00 for 1098h
c777835c-3eda-43fa-9c1f-1341da69f7a1,2d3705ff-e025-4a27-b59d-6469d07bc96f,sensor_malfunction,danger,2024-09-13 17:25:00,2024-09-13 18:05:00,0.6666666666666666,JUMP CLUSTER: Temperature had 2 jumps (max 91.1) in 0.7h
c777835c-3eda-43fa-9c1f-1341da69f7a1,2d3705ff-e025-4a27-b59d-6469d07bc96f,sensor_malfunction,danger,2024-09-13 17:25:00,2024-09-13 18:05:00,0.6666666666666666,JUMP CLUSTER: Ambient humidity had 2 jumps (max 94.0) in 0.7h
98f972ec-32d6-4211-8931-ed417635cf42,f8c602ad-95d4-41c9-9cb2-a223211fe0dc,condensation_risk,critical,2023-03-24 09:35:00,2023-07-08 00:15:00,2534.6666666666665,Cavity humidity sustained at 95.3% (peak 95.9%) for >48h - critical
98f972ec-32d6-4211-8931-ed417635cf42,f8c602ad-95d4-41c9-9cb2-a223211fe0dc,condensation_risk,critical,2023-10-02 01:05:00,2024-04-03 20:50:00,4435.75,Cavity humidity sustained at 95.7% (peak 96.3%) for >48h - critical
98f972ec-32d6-4211-8931-ed417635cf42,f8c602ad-95d4-41c9-9cb2-a223211fe0dc,condensation_risk,critical,2024-10-06 14:30:00,2024-10-14 23:20:00,200.83333333333334,Cavity humidity sustained at 95.4% (peak 95.7%) for >48h - critical
98f972ec-32d6-4211-8931-ed417635cf42,f8c602ad-95d4-41c9-9cb2-a223211fe0dc,condensation_risk,critical,2024-11-18 12:45:00,2025-07-18 19:20:00,5814.583333333333,Cavity humidity sustained at 97.7% (peak 98.9%) for >48h - critical
98f972ec-32d6-4211-8931-ed417635cf42,f8c602ad-95d4-41c9-9cb2-a223211fe0dc,condensation_risk,critical,2025-10-15 10:10:00,2026-01-22 14:45:00,2380.5833333333335,Cavity humidity sustained at 97.4% (peak 98.4%) for >48h - critical
98f972ec-32d6-4211-8931-ed417635cf42,f8c602ad-95d4-41c9-9cb2-a223211fe0dc,drying_failure,warning,2022-08-26 08:05:00,2026-01-22 14:45:00,29886.666666666668,Chronic moisture: resistance STAGNANT at 26.1% (slope: +0.1 pct/quarter over 42 months)
98f972ec-32d6-4211-8931-ed417635cf42,f8c602ad-95d4-41c9-9cb2-a223211fe0dc,sensor_malfunction,warning,2025-10-20 21:05:00,2025-12-06 19:20:00,1126.25,FLATLINE: Ambient humidity stuck at 100.00 for 1126h
98f972ec-32d6-4211-8931-ed417635cf42,f8c602ad-95d4-41c9-9cb2-a223211fe0dc,sensor_malfunction,warning,2024-12-20 18:20:00,2025-01-20 17:15:00,742.9166666666666,FLATLINE: Ambient humidity stuck at 100.00 for 743h
98f972ec-32d6-4211-8931-ed417635cf42,f8c602ad-95d4-41c9-9cb2-a223211fe0dc,sensor_malfunction,warning,2025-03-12 19:10:00,2025-03-31 15:20:00,452.1666666666667,FLATLINE: Ambient humidity stuck at 100.00 for 452h
98f972ec-32d6-4211-8931-ed417635cf42,f8c602ad-95d4-41c9-9cb2-a223211fe0dc,sensor_malfunction,warning,2025-04-02 16:15:00,2025-04-16 15:00:00,334.75,FLATLINE: Ambient humidity stuck at 100.00 for 335h
98f972ec-32d6-4211-8931-ed417635cf42,f8c602ad-95d4-41c9-9cb2-a223211fe0dc,sensor_malfunction,warning,2025-05-11 18:10:00,2025-05-25 06:55:00,324.75,FLATLINE: Ambient humidity stuck at 100.00 for 325h
98f972ec-32d6-4211-8931-ed417635cf42,f8c602ad-95d4-41c9-9cb2-a223211fe0dc,sensor_malfunction,warning,2024-12-20 18:20:00,2025-12-16 17:20:00,8663.0,CHRONIC SENSOR ISSUES: 15 episodes detected (4456h total malfunction time) - sensor may need replacement
789fda72-a547-4294-bfa7-d2b470c71b90,f8c602ad-95d4-41c9-9cb2-a223211fe0dc,condensation_risk,warning,2022-08-26 08:05:00,2022-09-22 01:30:00,641.4166666666666,Cavity humidity sustained at 85.4% (peak 88.6%) for >48h
9f58dbbc-1aeb-40f2-92cc-169bd3f1c85b,f8c602ad-95d4-41c9-9cb2-a223211fe0dc,sensor_malfunction,warning,2022-08-28 21:15:00,2022-09-02 03:25:00,102.16666666666667,FLATLINE: Ambient humidity stuck at 100.00 for 102h
9f58dbbc-1aeb-40f2-92cc-169bd3f1c85b,f8c602ad-95d4-41c9-9cb2-a223211fe0dc,sensor_malfunction,warning,2022-09-08 09:15:00,2022-09-09 20:10:00,34.916666666666664,FLATLINE: Ambient humidity stuck at 100.00 for 35h
bbf72bc5-ef56-4de7-a44d-65ef696c5a4a,f8c602ad-95d4-41c9-9cb2-a223211fe0dc,condensation_risk,warning,2022-08-26 08:05:00,2022-09-10 06:20:00,358.25,Cavity humidity sustained at 80.2% (peak 82.2%) for >48h
bbf72bc5-ef56-4de7-a44d-65ef696c5a4a,f8c602ad-95d4-41c9-9cb2-a223211fe0dc,condensation_risk,warning,2023-06-08 18:45:00,2023-07-03 04:10:00,585.4166666666666,Cavity humidity sustained at 80.7% (peak 82.8%) for >48h
bbf72bc5-ef56-4de7-a44d-65ef696c5a4a,f8c602ad-95d4-41c9-9cb2-a223211fe0dc,condensation_risk,warning,2023-07-11 20:45:00,2023-07-20 22:50:00,218.08333333333334,Cavity humidity sustained at 80.4% (peak 81.5%) for >48h
bbf72bc5-ef56-4de7-a44d-65ef696c5a4a,f8c602ad-95d4-41c9-9cb2-a223211fe0dc,condensation_risk,warning,2023-08-14 23:45:00,2023-09-05 00:35:00,504.8333333333333,Cavity humidity sustained at 82.2% (peak 84.6%) for >48h
bbf72bc5-ef56-4de7-a44d-65ef696c5a4a,f8c602ad-95d4-41c9-9cb2-a223211fe0dc,condensation_risk,warning,2023-09-12 15:00:00,2023-09-15 08:00:00,65.0,Cavity humidity sustained at 80.6% (peak 80.9%) for >48h
bbf72bc5-ef56-4de7-a44d-65ef696c5a4a,f8c602ad-95d4-41c9-9cb2-a223211fe0dc,condensation_risk,warning,2024-06-08 15:50:00,2024-06-11 23:55:00,80.08333333333333,Cavity humidity sustained at 80.6% (peak 81.0%) for >48h
bbf72bc5-ef56-4de7-a44d-65ef696c5a4a,f8c602ad-95d4-41c9-9cb2-a223211fe0dc,condensation_risk,warning,2024-06-21 13:10:00,2024-09-08 04:25:00,1887.25,Cavity humidity sustained at 81.7% (peak 84.5%) for >48h
bbf72bc5-ef56-4de7-a44d-65ef696c5a4a,f8c602ad-95d4-41c9-9cb2-a223211fe0dc,condensation_risk,warning,2025-06-02 18:35:00,2025-06-10 07:30:00,180.91666666666666,Cavity humidity sustained at 81.3% (peak 82.2%) for >48h
bbf72bc5-ef56-4de7-a44d-65ef696c5a4a,f8c602ad-95d4-41c9-9cb2-a223211fe0dc,condensation_risk,warning,2025-06-27 22:00:00,2025-07-05 04:35:00,174.58333333333334,Cavity humidity sustained at 80.3% (peak 81.2%) for >48h
bbf72bc5-ef56-4de7-a44d-65ef696c5a4a,f8c602ad-95d4-41c9-9cb2-a223211fe0dc,condensation_risk,warning,2025-07-27 02:25:00,2025-08-18 15:05:00,540.6666666666666,Cavity humidity sustained at 79.8% (peak 81.1%) for >48h
bbf72bc5-ef56-4de7-a44d-65ef696c5a4a,f8c602ad-95d4-41c9-9cb2-a223211fe0dc,drying_failure,warning,2022-08-26 08:05:00,2026-01-22 14:45:00,29886.666666666668,Chronic moisture: resistance STAGNANT at 15.4% (slope: -0.2 pct/quarter over 42 months)
